﻿{"cameraMode":{"drawMode":0,"name":"Shaded","section":"Shading Mode"},"sceneLighting":true,"audioPlay":false,"sceneViewState":{"m_AlwaysRefresh":false,"showFog":true,"showSkybox":true,"showFlares":true,"showImageEffects":true,"showParticleSystems":true,"showVisualEffectGraphs":true,"m_FxEnabled":true},"in2DMode":false,"pivot":{"x":1.379015326499939,"y":-2.328533887863159,"z":4.959026336669922},"rotation":{"x":0.18935739994049073,"y":0.3022182881832123,"z":-0.0613880455493927,"w":0.9322225451469421},"size":6.033975124359131,"orthographic":false}